,0,1
0,"/mnt/z/James/norbornene homopolymerization/same_formulations/241208_160806_jg_ve_norha_mw_encapsulation_dapi_phal_d7_40k_60k/241208_160806_Plate 1/#24B2570319_ZProj/C4ROI5_-2_2_1_ZProj[Confocal TRITC 556,600]_001_masks_corrected.png",file_0
1,"/mnt/z/James/norbornene homopolymerization/same_formulations/241208_160806_jg_ve_norha_mw_encapsulation_dapi_phal_d7_40k_60k/241208_160806_Plate 1/#24B2570319_ZProj/C3ROI1_-2_2_1_ZProj[Confocal TRITC 556,600]_001_masks_corrected.png",file_1
2,"/mnt/z/James/norbornene homopolymerization/same_formulations/241208_160806_jg_ve_norha_mw_encapsulation_dapi_phal_d7_40k_60k/241208_160806_Plate 1/#24B2570319_ZProj/C2ROI2_-2_2_1_ZProj[Confocal TRITC 556,600]_001_masks_corrected.png",file_2
3,"/mnt/z/James/norbornene homopolymerization/same_formulations/241208_160806_jg_ve_norha_mw_encapsulation_dapi_phal_d7_40k_60k/241208_160806_Plate 1/#24B2570319_ZProj/D4ROI1_-2_2_1_ZProj[Confocal TRITC 556,600]_001_masks_corrected.png",file_3
4,"/mnt/z/James/norbornene homopolymerization/same_formulations/241208_160806_jg_ve_norha_mw_encapsulation_dapi_phal_d7_40k_60k/241208_160806_Plate 1/#24B2570319_ZProj/D2ROI1_-2_2_1_ZProj[Confocal TRITC 556,600]_001_masks_corrected.png",file_4
5,"/mnt/z/James/norbornene homopolymerization/same_formulations/241208_160806_jg_ve_norha_mw_encapsulation_dapi_phal_d7_40k_60k/241208_160806_Plate 1/#24B2570319_ZProj/C3ROI5_-2_2_1_ZProj[Confocal TRITC 556,600]_001_masks_corrected.png",file_5
6,"/mnt/z/James/norbornene homopolymerization/same_formulations/241208_160806_jg_ve_norha_mw_encapsulation_dapi_phal_d7_40k_60k/241208_160806_Plate 1/#24B2570319_ZProj/C2ROI4_-2_2_1_ZProj[Confocal TRITC 556,600]_001_masks_corrected.png",file_6
7,"/mnt/z/James/norbornene homopolymerization/same_formulations/241208_160806_jg_ve_norha_mw_encapsulation_dapi_phal_d7_40k_60k/241208_160806_Plate 1/#24B2570319_ZProj/C3ROI2_-2_2_1_ZProj[Confocal TRITC 556,600]_001_masks_corrected.png",file_7
8,"/mnt/z/James/norbornene homopolymerization/same_formulations/241208_160806_jg_ve_norha_mw_encapsulation_dapi_phal_d7_40k_60k/241208_160806_Plate 1/#24B2570319_ZProj/D1ROI2_-2_2_1_ZProj[Confocal TRITC 556,600]_001_masks_corrected.png",file_8
9,"/mnt/z/James/norbornene homopolymerization/same_formulations/241208_160806_jg_ve_norha_mw_encapsulation_dapi_phal_d7_40k_60k/241208_160806_Plate 1/#24B2570319_ZProj/C3ROI3_-2_2_1_ZProj[Confocal TRITC 556,600]_001_masks_corrected.png",file_9
10,"/mnt/z/James/norbornene homopolymerization/same_formulations/241208_160806_jg_ve_norha_mw_encapsulation_dapi_phal_d7_40k_60k/241208_160806_Plate 1/#24B2570319_ZProj/D4ROI3_-2_2_1_ZProj[Confocal TRITC 556,600]_001_masks_corrected.png",file_10
11,"/mnt/z/James/norbornene homopolymerization/same_formulations/241208_160806_jg_ve_norha_mw_encapsulation_dapi_phal_d7_40k_60k/241208_160806_Plate 1/#24B2570319_ZProj/D1ROI5_-2_2_1_ZProj[Confocal TRITC 556,600]_001_masks_corrected.png",file_11
12,"/mnt/z/James/norbornene homopolymerization/same_formulations/241208_160806_jg_ve_norha_mw_encapsulation_dapi_phal_d7_40k_60k/241208_160806_Plate 1/#24B2570319_ZProj/D2ROI3_-2_2_1_ZProj[Confocal TRITC 556,600]_001_masks_corrected.png",file_12
13,"/mnt/z/James/norbornene homopolymerization/same_formulations/241208_160806_jg_ve_norha_mw_encapsulation_dapi_phal_d7_40k_60k/241208_160806_Plate 1/#24B2570319_ZProj/C1ROI2_-2_2_1_ZProj[Confocal TRITC 556,600]_001_masks_corrected.png",file_13
14,"/mnt/z/James/norbornene homopolymerization/same_formulations/241208_160806_jg_ve_norha_mw_encapsulation_dapi_phal_d7_40k_60k/241208_160806_Plate 1/#24B2570319_ZProj/D4ROI4_-2_2_1_ZProj[Confocal TRITC 556,600]_001_masks_corrected.png",file_14
15,"/mnt/z/James/norbornene homopolymerization/same_formulations/241208_160806_jg_ve_norha_mw_encapsulation_dapi_phal_d7_40k_60k/241208_160806_Plate 1/#24B2570319_ZProj/C4ROI1_-2_2_1_ZProj[Confocal TRITC 556,600]_001_masks_corrected.png",file_15
16,"/mnt/z/James/norbornene homopolymerization/same_formulations/241208_160806_jg_ve_norha_mw_encapsulation_dapi_phal_d7_40k_60k/241208_160806_Plate 1/#24B2570319_ZProj/D1ROI4_-2_2_1_ZProj[Confocal TRITC 556,600]_001_masks_corrected.png",file_16
17,"/mnt/z/James/norbornene homopolymerization/same_formulations/241208_160806_jg_ve_norha_mw_encapsulation_dapi_phal_d7_40k_60k/241208_160806_Plate 1/#24B2570319_ZProj/C2ROI3_-2_2_1_ZProj[Confocal TRITC 556,600]_001_masks_corrected.png",file_17
18,"/mnt/z/James/norbornene homopolymerization/same_formulations/241208_160806_jg_ve_norha_mw_encapsulation_dapi_phal_d7_40k_60k/241208_160806_Plate 1/#24B2570319_ZProj/D2ROI5_-2_2_1_ZProj[Confocal TRITC 556,600]_001_masks_corrected.png",file_18
19,"/mnt/z/James/norbornene homopolymerization/same_formulations/241208_160806_jg_ve_norha_mw_encapsulation_dapi_phal_d7_40k_60k/241208_160806_Plate 1/#24B2570319_ZProj/D4ROI5_-2_2_1_ZProj[Confocal TRITC 556,600]_001_masks_corrected.png",file_19
20,"/mnt/z/James/norbornene homopolymerization/same_formulations/241208_160806_jg_ve_norha_mw_encapsulation_dapi_phal_d7_40k_60k/241208_160806_Plate 1/#24B2570319_ZProj/C4ROI2_-2_2_1_ZProj[Confocal TRITC 556,600]_001_masks_corrected.png",file_20
21,"/mnt/z/James/norbornene homopolymerization/same_formulations/241208_160806_jg_ve_norha_mw_encapsulation_dapi_phal_d7_40k_60k/241208_160806_Plate 1/#24B2570319_ZProj/D3ROI5_-2_2_1_ZProj[Confocal TRITC 556,600]_001_masks_corrected.png",file_21
22,"/mnt/z/James/norbornene homopolymerization/same_formulations/241208_160806_jg_ve_norha_mw_encapsulation_dapi_phal_d7_40k_60k/241208_160806_Plate 1/#24B2570319_ZProj/D2ROI2_-2_2_1_ZProj[Confocal TRITC 556,600]_001_masks_corrected.png",file_22
23,"/mnt/z/James/norbornene homopolymerization/same_formulations/241208_160806_jg_ve_norha_mw_encapsulation_dapi_phal_d7_40k_60k/241208_160806_Plate 1/#24B2570319_ZProj/C4ROI4_-2_2_1_ZProj[Confocal TRITC 556,600]_001_masks_corrected.png",file_23
24,"/mnt/z/James/norbornene homopolymerization/same_formulations/241208_160806_jg_ve_norha_mw_encapsulation_dapi_phal_d7_40k_60k/241208_160806_Plate 1/#24B2570319_ZProj/C1ROI4_-2_2_1_ZProj[Confocal TRITC 556,600]_001_masks_corrected.png",file_24
25,"/mnt/z/James/norbornene homopolymerization/same_formulations/241208_160806_jg_ve_norha_mw_encapsulation_dapi_phal_d7_40k_60k/241208_160806_Plate 1/#24B2570319_ZProj/D2ROI4_-2_2_1_ZProj[Confocal TRITC 556,600]_001_masks_corrected.png",file_25
26,"/mnt/z/James/norbornene homopolymerization/same_formulations/241208_160806_jg_ve_norha_mw_encapsulation_dapi_phal_d7_40k_60k/241208_160806_Plate 1/#24B2570319_ZProj/C1ROI5_-2_2_1_ZProj[Confocal TRITC 556,600]_001_masks_corrected.png",file_26
27,"/mnt/z/James/norbornene homopolymerization/same_formulations/241208_160806_jg_ve_norha_mw_encapsulation_dapi_phal_d7_40k_60k/241208_160806_Plate 1/#24B2570319_ZProj/D3ROI3_-2_2_1_ZProj[Confocal TRITC 556,600]_001_masks_corrected.png",file_27
28,"/mnt/z/James/norbornene homopolymerization/same_formulations/241208_160806_jg_ve_norha_mw_encapsulation_dapi_phal_d7_40k_60k/241208_160806_Plate 1/#24B2570319_ZProj/C2ROI1_-2_2_1_ZProj[Confocal TRITC 556,600]_001_masks_corrected.png",file_28
29,"/mnt/z/James/norbornene homopolymerization/same_formulations/241208_160806_jg_ve_norha_mw_encapsulation_dapi_phal_d7_40k_60k/241208_160806_Plate 1/#24B2570319_ZProj/C4ROI3_-2_2_1_ZProj[Confocal TRITC 556,600]_001_masks_corrected.png",file_29
30,"/mnt/z/James/norbornene homopolymerization/same_formulations/241208_160806_jg_ve_norha_mw_encapsulation_dapi_phal_d7_40k_60k/241208_160806_Plate 1/#24B2570319_ZProj/D3ROI4_-2_2_1_ZProj[Confocal TRITC 556,600]_001_masks_corrected.png",file_30
31,"/mnt/z/James/norbornene homopolymerization/same_formulations/241208_160806_jg_ve_norha_mw_encapsulation_dapi_phal_d7_40k_60k/241208_160806_Plate 1/#24B2570319_ZProj/C1ROI1_-2_2_1_ZProj[Confocal TRITC 556,600]_001_masks_corrected.png",file_31
32,"/mnt/z/James/norbornene homopolymerization/same_formulations/241208_160806_jg_ve_norha_mw_encapsulation_dapi_phal_d7_40k_60k/241208_160806_Plate 1/#24B2570319_ZProj/C3ROI4_-2_2_1_ZProj[Confocal TRITC 556,600]_001_masks_corrected.png",file_32
33,"/mnt/z/James/norbornene homopolymerization/same_formulations/241208_160806_jg_ve_norha_mw_encapsulation_dapi_phal_d7_40k_60k/241208_160806_Plate 1/#24B2570319_ZProj/D1ROI3_-2_2_1_ZProj[Confocal TRITC 556,600]_001_masks_corrected.png",file_33
34,"/mnt/z/James/norbornene homopolymerization/same_formulations/241208_160806_jg_ve_norha_mw_encapsulation_dapi_phal_d7_40k_60k/241208_160806_Plate 1/#24B2570319_ZProj/D3ROI1_-2_2_1_ZProj[Confocal TRITC 556,600]_001_masks_corrected.png",file_34
35,"/mnt/z/James/norbornene homopolymerization/same_formulations/241208_160806_jg_ve_norha_mw_encapsulation_dapi_phal_d7_40k_60k/241208_160806_Plate 1/#24B2570319_ZProj/D4ROI2_-2_2_1_ZProj[Confocal TRITC 556,600]_001_masks_corrected.png",file_35
36,"/mnt/z/James/norbornene homopolymerization/same_formulations/241208_160806_jg_ve_norha_mw_encapsulation_dapi_phal_d7_40k_60k/241208_160806_Plate 1/#24B2570319_ZProj/D3ROI2_-2_2_1_ZProj[Confocal TRITC 556,600]_001_masks_corrected.png",file_36
37,"/mnt/z/James/norbornene homopolymerization/same_formulations/241208_160806_jg_ve_norha_mw_encapsulation_dapi_phal_d7_40k_60k/241208_160806_Plate 1/#24B2570319_ZProj/C1ROI3_-2_2_1_ZProj[Confocal TRITC 556,600]_001_masks_corrected.png",file_37
38,"/mnt/z/James/norbornene homopolymerization/same_formulations/241208_160806_jg_ve_norha_mw_encapsulation_dapi_phal_d7_40k_60k/241208_160806_Plate 1/#24B2570319_ZProj/C2ROI5_-2_2_1_ZProj[Confocal TRITC 556,600]_001_masks_corrected.png",file_38
39,"/mnt/z/James/norbornene homopolymerization/same_formulations/241208_174217_jg_ve_norha_mw_encapsulation_dapi_phal_d7_peg_10k/241208_174217_Plate 1/#24B2570319_ZProj/A2ROI4_-2_2_1_ZProj[Confocal TRITC 556,600]_001_masks_corrected.png",file_39
40,"/mnt/z/James/norbornene homopolymerization/same_formulations/241208_174217_jg_ve_norha_mw_encapsulation_dapi_phal_d7_peg_10k/241208_174217_Plate 1/#24B2570319_ZProj/B4ROI1_-2_2_1_ZProj[Confocal TRITC 556,600]_001_masks_corrected.png",file_40
41,"/mnt/z/James/norbornene homopolymerization/same_formulations/241208_174217_jg_ve_norha_mw_encapsulation_dapi_phal_d7_peg_10k/241208_174217_Plate 1/#24B2570319_ZProj/A1ROI3_-2_2_1_ZProj[Confocal TRITC 556,600]_001_masks_corrected.png",file_41
42,"/mnt/z/James/norbornene homopolymerization/same_formulations/241208_174217_jg_ve_norha_mw_encapsulation_dapi_phal_d7_peg_10k/241208_174217_Plate 1/#24B2570319_ZProj/B4ROI3_-2_2_1_ZProj[Confocal TRITC 556,600]_001_masks_corrected.png",file_42
43,"/mnt/z/James/norbornene homopolymerization/same_formulations/241208_174217_jg_ve_norha_mw_encapsulation_dapi_phal_d7_peg_10k/241208_174217_Plate 1/#24B2570319_ZProj/B1ROI2_-2_2_1_ZProj[Confocal TRITC 556,600]_001_masks_corrected.png",file_43
44,"/mnt/z/James/norbornene homopolymerization/same_formulations/241208_174217_jg_ve_norha_mw_encapsulation_dapi_phal_d7_peg_10k/241208_174217_Plate 1/#24B2570319_ZProj/B4ROI2_-2_2_1_ZProj[Confocal TRITC 556,600]_001_masks_corrected.png",file_44
45,"/mnt/z/James/norbornene homopolymerization/same_formulations/241208_174217_jg_ve_norha_mw_encapsulation_dapi_phal_d7_peg_10k/241208_174217_Plate 1/#24B2570319_ZProj/B1ROI3_-2_2_1_ZProj[Confocal TRITC 556,600]_001_masks_corrected.png",file_45
46,"/mnt/z/James/norbornene homopolymerization/same_formulations/241208_174217_jg_ve_norha_mw_encapsulation_dapi_phal_d7_peg_10k/241208_174217_Plate 1/#24B2570319_ZProj/A1ROI1_-2_2_1_ZProj[Confocal TRITC 556,600]_001_masks_corrected.png",file_46
47,"/mnt/z/James/norbornene homopolymerization/same_formulations/241208_174217_jg_ve_norha_mw_encapsulation_dapi_phal_d7_peg_10k/241208_174217_Plate 1/#24B2570319_ZProj/B4ROI5_-2_2_1_ZProj[Confocal TRITC 556,600]_001_masks_corrected.png",file_47
48,"/mnt/z/James/norbornene homopolymerization/same_formulations/241208_174217_jg_ve_norha_mw_encapsulation_dapi_phal_d7_peg_10k/241208_174217_Plate 1/#24B2570319_ZProj/A1ROI4_-2_2_1_ZProj[Confocal TRITC 556,600]_001_masks_corrected.png",file_48
49,"/mnt/z/James/norbornene homopolymerization/same_formulations/241208_174217_jg_ve_norha_mw_encapsulation_dapi_phal_d7_peg_10k/241208_174217_Plate 1/#24B2570319_ZProj/A4ROI1_-2_2_1_ZProj[Confocal TRITC 556,600]_001_masks_corrected.png",file_49
50,"/mnt/z/James/norbornene homopolymerization/same_formulations/241208_174217_jg_ve_norha_mw_encapsulation_dapi_phal_d7_peg_10k/241208_174217_Plate 1/#24B2570319_ZProj/A2ROI1_-2_2_1_ZProj[Confocal TRITC 556,600]_001_masks_corrected.png",file_50
51,"/mnt/z/James/norbornene homopolymerization/same_formulations/241208_174217_jg_ve_norha_mw_encapsulation_dapi_phal_d7_peg_10k/241208_174217_Plate 1/#24B2570319_ZProj/A3ROI1_-2_2_1_ZProj[Confocal TRITC 556,600]_001_masks_corrected.png",file_51
52,"/mnt/z/James/norbornene homopolymerization/same_formulations/241208_174217_jg_ve_norha_mw_encapsulation_dapi_phal_d7_peg_10k/241208_174217_Plate 1/#24B2570319_ZProj/B3ROI2_-2_2_1_ZProj[Confocal TRITC 556,600]_001_masks_corrected.png",file_52
53,"/mnt/z/James/norbornene homopolymerization/same_formulations/241208_174217_jg_ve_norha_mw_encapsulation_dapi_phal_d7_peg_10k/241208_174217_Plate 1/#24B2570319_ZProj/A1ROI5_-2_2_1_ZProj[Confocal TRITC 556,600]_001_masks_corrected.png",file_53
54,"/mnt/z/James/norbornene homopolymerization/same_formulations/241208_174217_jg_ve_norha_mw_encapsulation_dapi_phal_d7_peg_10k/241208_174217_Plate 1/#24B2570319_ZProj/A3ROI5_-2_2_1_ZProj[Confocal TRITC 556,600]_001_masks_corrected.png",file_54
55,"/mnt/z/James/norbornene homopolymerization/same_formulations/241208_174217_jg_ve_norha_mw_encapsulation_dapi_phal_d7_peg_10k/241208_174217_Plate 1/#24B2570319_ZProj/A4ROI2_-2_2_1_ZProj[Confocal TRITC 556,600]_001_masks_corrected.png",file_55
56,"/mnt/z/James/norbornene homopolymerization/same_formulations/241208_174217_jg_ve_norha_mw_encapsulation_dapi_phal_d7_peg_10k/241208_174217_Plate 1/#24B2570319_ZProj/A4ROI4_-2_2_1_ZProj[Confocal TRITC 556,600]_001_masks_corrected.png",file_56
57,"/mnt/z/James/norbornene homopolymerization/same_formulations/241208_174217_jg_ve_norha_mw_encapsulation_dapi_phal_d7_peg_10k/241208_174217_Plate 1/#24B2570319_ZProj/A3ROI3_-2_2_1_ZProj[Confocal TRITC 556,600]_001_masks_corrected.png",file_57
58,"/mnt/z/James/norbornene homopolymerization/same_formulations/241208_174217_jg_ve_norha_mw_encapsulation_dapi_phal_d7_peg_10k/241208_174217_Plate 1/#24B2570319_ZProj/B1ROI5_-2_2_1_ZProj[Confocal TRITC 556,600]_001_masks_corrected.png",file_58
59,"/mnt/z/James/norbornene homopolymerization/same_formulations/241208_174217_jg_ve_norha_mw_encapsulation_dapi_phal_d7_peg_10k/241208_174217_Plate 1/#24B2570319_ZProj/B1ROI1_-2_2_1_ZProj[Confocal TRITC 556,600]_001_masks_corrected.png",file_59
60,"/mnt/z/James/norbornene homopolymerization/same_formulations/241208_174217_jg_ve_norha_mw_encapsulation_dapi_phal_d7_peg_10k/241208_174217_Plate 1/#24B2570319_ZProj/B2ROI3_-2_2_1_ZProj[Confocal TRITC 556,600]_001_masks_corrected.png",file_60
61,"/mnt/z/James/norbornene homopolymerization/same_formulations/241208_174217_jg_ve_norha_mw_encapsulation_dapi_phal_d7_peg_10k/241208_174217_Plate 1/#24B2570319_ZProj/B3ROI3_-2_2_1_ZProj[Confocal TRITC 556,600]_001_masks_corrected.png",file_61
62,"/mnt/z/James/norbornene homopolymerization/same_formulations/241208_174217_jg_ve_norha_mw_encapsulation_dapi_phal_d7_peg_10k/241208_174217_Plate 1/#24B2570319_ZProj/B2ROI2_-2_2_1_ZProj[Confocal TRITC 556,600]_001_masks_corrected.png",file_62
63,"/mnt/z/James/norbornene homopolymerization/same_formulations/241208_174217_jg_ve_norha_mw_encapsulation_dapi_phal_d7_peg_10k/241208_174217_Plate 1/#24B2570319_ZProj/A2ROI2_-2_2_1_ZProj[Confocal TRITC 556,600]_001_masks_corrected.png",file_63
64,"/mnt/z/James/norbornene homopolymerization/same_formulations/241208_174217_jg_ve_norha_mw_encapsulation_dapi_phal_d7_peg_10k/241208_174217_Plate 1/#24B2570319_ZProj/B3ROI5_-2_2_1_ZProj[Confocal TRITC 556,600]_001_masks_corrected.png",file_64
65,"/mnt/z/James/norbornene homopolymerization/same_formulations/241208_174217_jg_ve_norha_mw_encapsulation_dapi_phal_d7_peg_10k/241208_174217_Plate 1/#24B2570319_ZProj/A2ROI3_-2_2_1_ZProj[Confocal TRITC 556,600]_001_masks_corrected.png",file_65
66,"/mnt/z/James/norbornene homopolymerization/same_formulations/241208_174217_jg_ve_norha_mw_encapsulation_dapi_phal_d7_peg_10k/241208_174217_Plate 1/#24B2570319_ZProj/A1ROI2_-2_2_1_ZProj[Confocal TRITC 556,600]_001_masks_corrected.png",file_66
67,"/mnt/z/James/norbornene homopolymerization/same_formulations/241208_174217_jg_ve_norha_mw_encapsulation_dapi_phal_d7_peg_10k/241208_174217_Plate 1/#24B2570319_ZProj/A2ROI5_-2_2_1_ZProj[Confocal TRITC 556,600]_001_masks_corrected.png",file_67
68,"/mnt/z/James/norbornene homopolymerization/same_formulations/241208_174217_jg_ve_norha_mw_encapsulation_dapi_phal_d7_peg_10k/241208_174217_Plate 1/#24B2570319_ZProj/A3ROI4_-2_2_1_ZProj[Confocal TRITC 556,600]_001_masks_corrected.png",file_68
69,"/mnt/z/James/norbornene homopolymerization/same_formulations/241208_174217_jg_ve_norha_mw_encapsulation_dapi_phal_d7_peg_10k/241208_174217_Plate 1/#24B2570319_ZProj/A3ROI2_-2_2_1_ZProj[Confocal TRITC 556,600]_001_masks_corrected.png",file_69
70,"/mnt/z/James/norbornene homopolymerization/same_formulations/241208_174217_jg_ve_norha_mw_encapsulation_dapi_phal_d7_peg_10k/241208_174217_Plate 1/#24B2570319_ZProj/A4ROI3_-2_2_1_ZProj[Confocal TRITC 556,600]_001_masks_corrected.png",file_70
71,"/mnt/z/James/norbornene homopolymerization/same_formulations/241208_174217_jg_ve_norha_mw_encapsulation_dapi_phal_d7_peg_10k/241208_174217_Plate 1/#24B2570319_ZProj/B1ROI4_-2_2_1_ZProj[Confocal TRITC 556,600]_001_masks_corrected.png",file_71
72,"/mnt/z/James/norbornene homopolymerization/same_formulations/241208_174217_jg_ve_norha_mw_encapsulation_dapi_phal_d7_peg_10k/241208_174217_Plate 1/#24B2570319_ZProj/B4ROI4_-2_2_1_ZProj[Confocal TRITC 556,600]_001_masks_corrected.png",file_72
73,"/mnt/z/James/norbornene homopolymerization/same_formulations/241208_174217_jg_ve_norha_mw_encapsulation_dapi_phal_d7_peg_10k/241208_174217_Plate 1/#24B2570319_ZProj/A4ROI5_-2_2_1_ZProj[Confocal TRITC 556,600]_001_masks_corrected.png",file_73
74,"/mnt/z/James/norbornene homopolymerization/same_formulations/241208_174217_jg_ve_norha_mw_encapsulation_dapi_phal_d7_peg_10k/241208_174217_Plate 1/#24B2570319_ZProj/B2ROI4_-2_2_1_ZProj[Confocal TRITC 556,600]_001_masks_corrected.png",file_74
75,"/mnt/z/James/norbornene homopolymerization/same_formulations/241208_174217_jg_ve_norha_mw_encapsulation_dapi_phal_d7_peg_10k/241208_174217_Plate 1/#24B2570319_ZProj/B2ROI5_-2_2_1_ZProj[Confocal TRITC 556,600]_001_masks_corrected.png",file_75
76,"/mnt/z/James/norbornene homopolymerization/same_formulations/241208_174217_jg_ve_norha_mw_encapsulation_dapi_phal_d7_peg_10k/241208_174217_Plate 1/#24B2570319_ZProj/B3ROI1_-2_2_1_ZProj[Confocal TRITC 556,600]_001_masks_corrected.png",file_76
77,"/mnt/z/James/norbornene homopolymerization/same_formulations/241208_174217_jg_ve_norha_mw_encapsulation_dapi_phal_d7_peg_10k/241208_174217_Plate 1/#24B2570319_ZProj/B2ROI1_-2_2_1_ZProj[Confocal TRITC 556,600]_001_masks_corrected.png",file_77
78,"/mnt/z/James/norbornene homopolymerization/same_formulations/241208_174217_jg_ve_norha_mw_encapsulation_dapi_phal_d7_peg_10k/241208_174217_Plate 1/#24B2570319_ZProj/B3ROI4_-2_2_1_ZProj[Confocal TRITC 556,600]_001_masks_corrected.png",file_78
79,"/mnt/z/James/norbornene homopolymerization/same_formulations/241125_192553_jg_ve_norha_mw_encapsulation_dapi_phal_d3_peg_10k/241125_193216_Plate 1/#24B2570319_ZProj/A2ROI4_-2_2_1_ZProj[Confocal TRITC 556,600]_001_masks_corrected.png",file_79
80,"/mnt/z/James/norbornene homopolymerization/same_formulations/241125_192553_jg_ve_norha_mw_encapsulation_dapi_phal_d3_peg_10k/241125_193216_Plate 1/#24B2570319_ZProj/B4ROI1_-2_2_1_ZProj[Confocal TRITC 556,600]_001_masks_corrected.png",file_80
81,"/mnt/z/James/norbornene homopolymerization/same_formulations/241125_192553_jg_ve_norha_mw_encapsulation_dapi_phal_d3_peg_10k/241125_193216_Plate 1/#24B2570319_ZProj/A1ROI3_-2_2_1_ZProj[Confocal TRITC 556,600]_001_masks_corrected.png",file_81
82,"/mnt/z/James/norbornene homopolymerization/same_formulations/241125_192553_jg_ve_norha_mw_encapsulation_dapi_phal_d3_peg_10k/241125_193216_Plate 1/#24B2570319_ZProj/B4ROI3_-2_2_1_ZProj[Confocal TRITC 556,600]_001_masks_corrected.png",file_82
83,"/mnt/z/James/norbornene homopolymerization/same_formulations/241125_192553_jg_ve_norha_mw_encapsulation_dapi_phal_d3_peg_10k/241125_193216_Plate 1/#24B2570319_ZProj/B1ROI2_-2_2_1_ZProj[Confocal TRITC 556,600]_001_masks_corrected.png",file_83
84,"/mnt/z/James/norbornene homopolymerization/same_formulations/241125_192553_jg_ve_norha_mw_encapsulation_dapi_phal_d3_peg_10k/241125_193216_Plate 1/#24B2570319_ZProj/B4ROI2_-2_2_1_ZProj[Confocal TRITC 556,600]_001_masks_corrected.png",file_84
85,"/mnt/z/James/norbornene homopolymerization/same_formulations/241125_192553_jg_ve_norha_mw_encapsulation_dapi_phal_d3_peg_10k/241125_193216_Plate 1/#24B2570319_ZProj/B1ROI3_-2_2_1_ZProj[Confocal TRITC 556,600]_001_masks_corrected.png",file_85
86,"/mnt/z/James/norbornene homopolymerization/same_formulations/241125_192553_jg_ve_norha_mw_encapsulation_dapi_phal_d3_peg_10k/241125_193216_Plate 1/#24B2570319_ZProj/A1ROI1_-2_2_1_ZProj[Confocal TRITC 556,600]_001_masks_corrected.png",file_86
87,"/mnt/z/James/norbornene homopolymerization/same_formulations/241125_192553_jg_ve_norha_mw_encapsulation_dapi_phal_d3_peg_10k/241125_193216_Plate 1/#24B2570319_ZProj/B4ROI5_-2_2_1_ZProj[Confocal TRITC 556,600]_001_masks_corrected.png",file_87
88,"/mnt/z/James/norbornene homopolymerization/same_formulations/241125_192553_jg_ve_norha_mw_encapsulation_dapi_phal_d3_peg_10k/241125_193216_Plate 1/#24B2570319_ZProj/A1ROI4_-2_2_1_ZProj[Confocal TRITC 556,600]_001_masks_corrected.png",file_88
89,"/mnt/z/James/norbornene homopolymerization/same_formulations/241125_192553_jg_ve_norha_mw_encapsulation_dapi_phal_d3_peg_10k/241125_193216_Plate 1/#24B2570319_ZProj/A4ROI1_-2_2_1_ZProj[Confocal TRITC 556,600]_001_masks_corrected.png",file_89
90,"/mnt/z/James/norbornene homopolymerization/same_formulations/241125_192553_jg_ve_norha_mw_encapsulation_dapi_phal_d3_peg_10k/241125_193216_Plate 1/#24B2570319_ZProj/A2ROI1_-2_2_1_ZProj[Confocal TRITC 556,600]_001_masks_corrected.png",file_90
91,"/mnt/z/James/norbornene homopolymerization/same_formulations/241125_192553_jg_ve_norha_mw_encapsulation_dapi_phal_d3_peg_10k/241125_193216_Plate 1/#24B2570319_ZProj/A3ROI1_-2_2_1_ZProj[Confocal TRITC 556,600]_001_masks_corrected.png",file_91
92,"/mnt/z/James/norbornene homopolymerization/same_formulations/241125_192553_jg_ve_norha_mw_encapsulation_dapi_phal_d3_peg_10k/241125_193216_Plate 1/#24B2570319_ZProj/B3ROI2_-2_2_1_ZProj[Confocal TRITC 556,600]_001_masks_corrected.png",file_92
93,"/mnt/z/James/norbornene homopolymerization/same_formulations/241125_192553_jg_ve_norha_mw_encapsulation_dapi_phal_d3_peg_10k/241125_193216_Plate 1/#24B2570319_ZProj/A1ROI5_-2_2_1_ZProj[Confocal TRITC 556,600]_001_masks_corrected.png",file_93
94,"/mnt/z/James/norbornene homopolymerization/same_formulations/241125_192553_jg_ve_norha_mw_encapsulation_dapi_phal_d3_peg_10k/241125_193216_Plate 1/#24B2570319_ZProj/A3ROI5_-2_2_1_ZProj[Confocal TRITC 556,600]_001_masks_corrected.png",file_94
95,"/mnt/z/James/norbornene homopolymerization/same_formulations/241125_192553_jg_ve_norha_mw_encapsulation_dapi_phal_d3_peg_10k/241125_193216_Plate 1/#24B2570319_ZProj/A4ROI2_-2_2_1_ZProj[Confocal TRITC 556,600]_001_masks_corrected.png",file_95
96,"/mnt/z/James/norbornene homopolymerization/same_formulations/241125_192553_jg_ve_norha_mw_encapsulation_dapi_phal_d3_peg_10k/241125_193216_Plate 1/#24B2570319_ZProj/A4ROI4_-2_2_1_ZProj[Confocal TRITC 556,600]_001_masks_corrected.png",file_96
97,"/mnt/z/James/norbornene homopolymerization/same_formulations/241125_192553_jg_ve_norha_mw_encapsulation_dapi_phal_d3_peg_10k/241125_193216_Plate 1/#24B2570319_ZProj/A3ROI3_-2_2_1_ZProj[Confocal TRITC 556,600]_001_masks_corrected.png",file_97
98,"/mnt/z/James/norbornene homopolymerization/same_formulations/241125_192553_jg_ve_norha_mw_encapsulation_dapi_phal_d3_peg_10k/241125_193216_Plate 1/#24B2570319_ZProj/B1ROI5_-2_2_1_ZProj[Confocal TRITC 556,600]_001_masks_corrected.png",file_98
99,"/mnt/z/James/norbornene homopolymerization/same_formulations/241125_192553_jg_ve_norha_mw_encapsulation_dapi_phal_d3_peg_10k/241125_193216_Plate 1/#24B2570319_ZProj/B1ROI1_-2_2_1_ZProj[Confocal TRITC 556,600]_001_masks_corrected.png",file_99
100,"/mnt/z/James/norbornene homopolymerization/same_formulations/241125_192553_jg_ve_norha_mw_encapsulation_dapi_phal_d3_peg_10k/241125_193216_Plate 1/#24B2570319_ZProj/B2ROI3_-2_2_1_ZProj[Confocal TRITC 556,600]_001_masks_corrected.png",file_100
101,"/mnt/z/James/norbornene homopolymerization/same_formulations/241125_192553_jg_ve_norha_mw_encapsulation_dapi_phal_d3_peg_10k/241125_193216_Plate 1/#24B2570319_ZProj/B3ROI3_-2_2_1_ZProj[Confocal TRITC 556,600]_001_masks_corrected.png",file_101
102,"/mnt/z/James/norbornene homopolymerization/same_formulations/241125_192553_jg_ve_norha_mw_encapsulation_dapi_phal_d3_peg_10k/241125_193216_Plate 1/#24B2570319_ZProj/B2ROI2_-2_2_1_ZProj[Confocal TRITC 556,600]_001_masks_corrected.png",file_102
103,"/mnt/z/James/norbornene homopolymerization/same_formulations/241125_192553_jg_ve_norha_mw_encapsulation_dapi_phal_d3_peg_10k/241125_193216_Plate 1/#24B2570319_ZProj/B3ROI5_-2_2_1_ZProj[Confocal TRITC 556,600]_001_masks_corrected.png",file_103
104,"/mnt/z/James/norbornene homopolymerization/same_formulations/241125_192553_jg_ve_norha_mw_encapsulation_dapi_phal_d3_peg_10k/241125_193216_Plate 1/#24B2570319_ZProj/A2ROI3_-2_2_1_ZProj[Confocal TRITC 556,600]_001_masks_corrected.png",file_104
105,"/mnt/z/James/norbornene homopolymerization/same_formulations/241125_192553_jg_ve_norha_mw_encapsulation_dapi_phal_d3_peg_10k/241125_193216_Plate 1/#24B2570319_ZProj/A1ROI2_-2_2_1_ZProj[Confocal TRITC 556,600]_001_masks_corrected.png",file_105
106,"/mnt/z/James/norbornene homopolymerization/same_formulations/241125_192553_jg_ve_norha_mw_encapsulation_dapi_phal_d3_peg_10k/241125_193216_Plate 1/#24B2570319_ZProj/A2ROI5_-2_2_1_ZProj[Confocal TRITC 556,600]_001_masks_corrected.png",file_106
107,"/mnt/z/James/norbornene homopolymerization/same_formulations/241125_192553_jg_ve_norha_mw_encapsulation_dapi_phal_d3_peg_10k/241125_193216_Plate 1/#24B2570319_ZProj/A3ROI4_-2_2_1_ZProj[Confocal TRITC 556,600]_001_masks_corrected.png",file_107
108,"/mnt/z/James/norbornene homopolymerization/same_formulations/241125_192553_jg_ve_norha_mw_encapsulation_dapi_phal_d3_peg_10k/241125_193216_Plate 1/#24B2570319_ZProj/A3ROI2_-2_2_1_ZProj[Confocal TRITC 556,600]_001_masks_corrected.png",file_108
109,"/mnt/z/James/norbornene homopolymerization/same_formulations/241125_192553_jg_ve_norha_mw_encapsulation_dapi_phal_d3_peg_10k/241125_193216_Plate 1/#24B2570319_ZProj/A4ROI3_-2_2_1_ZProj[Confocal TRITC 556,600]_001_masks_corrected.png",file_109
110,"/mnt/z/James/norbornene homopolymerization/same_formulations/241125_192553_jg_ve_norha_mw_encapsulation_dapi_phal_d3_peg_10k/241125_193216_Plate 1/#24B2570319_ZProj/B1ROI4_-2_2_1_ZProj[Confocal TRITC 556,600]_001_masks_corrected.png",file_110
111,"/mnt/z/James/norbornene homopolymerization/same_formulations/241125_192553_jg_ve_norha_mw_encapsulation_dapi_phal_d3_peg_10k/241125_193216_Plate 1/#24B2570319_ZProj/B4ROI4_-2_2_1_ZProj[Confocal TRITC 556,600]_001_masks_corrected.png",file_111
112,"/mnt/z/James/norbornene homopolymerization/same_formulations/241125_192553_jg_ve_norha_mw_encapsulation_dapi_phal_d3_peg_10k/241125_193216_Plate 1/#24B2570319_ZProj/A4ROI5_-2_2_1_ZProj[Confocal TRITC 556,600]_001_masks_corrected.png",file_112
113,"/mnt/z/James/norbornene homopolymerization/same_formulations/241125_192553_jg_ve_norha_mw_encapsulation_dapi_phal_d3_peg_10k/241125_193216_Plate 1/#24B2570319_ZProj/B2ROI4_-2_2_1_ZProj[Confocal TRITC 556,600]_001_masks_corrected.png",file_113
114,"/mnt/z/James/norbornene homopolymerization/same_formulations/241125_192553_jg_ve_norha_mw_encapsulation_dapi_phal_d3_peg_10k/241125_193216_Plate 1/#24B2570319_ZProj/B2ROI5_-2_2_1_ZProj[Confocal TRITC 556,600]_001_masks_corrected.png",file_114
115,"/mnt/z/James/norbornene homopolymerization/same_formulations/241125_192553_jg_ve_norha_mw_encapsulation_dapi_phal_d3_peg_10k/241125_193216_Plate 1/#24B2570319_ZProj/B3ROI1_-2_2_1_ZProj[Confocal TRITC 556,600]_001_masks_corrected.png",file_115
116,"/mnt/z/James/norbornene homopolymerization/same_formulations/241125_192553_jg_ve_norha_mw_encapsulation_dapi_phal_d3_peg_10k/241125_193216_Plate 1/#24B2570319_ZProj/B2ROI1_-2_2_1_ZProj[Confocal TRITC 556,600]_001_masks_corrected.png",file_116
117,"/mnt/z/James/norbornene homopolymerization/same_formulations/241125_192553_jg_ve_norha_mw_encapsulation_dapi_phal_d3_peg_10k/241125_193216_Plate 1/#24B2570319_ZProj/B3ROI4_-2_2_1_ZProj[Confocal TRITC 556,600]_001_masks_corrected.png",file_117
118,"/mnt/z/James/norbornene homopolymerization/same_formulations/241126_091801_jg_ve_norha_mw_encapsulation_dapi_phal_d3_40k_60k/241126_091801_Plate 1/#24B2570319_ZProj/C4ROI5_-2_2_1_ZProj[Confocal TRITC 556,600]_001_masks_corrected.png",file_118
119,"/mnt/z/James/norbornene homopolymerization/same_formulations/241126_091801_jg_ve_norha_mw_encapsulation_dapi_phal_d3_40k_60k/241126_091801_Plate 1/#24B2570319_ZProj/C3ROI1_-2_2_1_ZProj[Confocal TRITC 556,600]_001_masks_corrected.png",file_119
120,"/mnt/z/James/norbornene homopolymerization/same_formulations/241126_091801_jg_ve_norha_mw_encapsulation_dapi_phal_d3_40k_60k/241126_091801_Plate 1/#24B2570319_ZProj/C2ROI2_-2_2_1_ZProj[Confocal TRITC 556,600]_001_masks_corrected.png",file_120
121,"/mnt/z/James/norbornene homopolymerization/same_formulations/241126_091801_jg_ve_norha_mw_encapsulation_dapi_phal_d3_40k_60k/241126_091801_Plate 1/#24B2570319_ZProj/D4ROI1_-2_2_1_ZProj[Confocal TRITC 556,600]_001_masks_corrected.png",file_121
122,"/mnt/z/James/norbornene homopolymerization/same_formulations/241126_091801_jg_ve_norha_mw_encapsulation_dapi_phal_d3_40k_60k/241126_091801_Plate 1/#24B2570319_ZProj/D2ROI1_-2_2_1_ZProj[Confocal TRITC 556,600]_001_masks_corrected.png",file_122
123,"/mnt/z/James/norbornene homopolymerization/same_formulations/241126_091801_jg_ve_norha_mw_encapsulation_dapi_phal_d3_40k_60k/241126_091801_Plate 1/#24B2570319_ZProj/C3ROI5_-2_2_1_ZProj[Confocal TRITC 556,600]_001_masks_corrected.png",file_123
124,"/mnt/z/James/norbornene homopolymerization/same_formulations/241126_091801_jg_ve_norha_mw_encapsulation_dapi_phal_d3_40k_60k/241126_091801_Plate 1/#24B2570319_ZProj/C2ROI4_-2_2_1_ZProj[Confocal TRITC 556,600]_001_masks_corrected.png",file_124
125,"/mnt/z/James/norbornene homopolymerization/same_formulations/241126_091801_jg_ve_norha_mw_encapsulation_dapi_phal_d3_40k_60k/241126_091801_Plate 1/#24B2570319_ZProj/C3ROI2_-2_2_1_ZProj[Confocal TRITC 556,600]_001_masks_corrected.png",file_125
126,"/mnt/z/James/norbornene homopolymerization/same_formulations/241126_091801_jg_ve_norha_mw_encapsulation_dapi_phal_d3_40k_60k/241126_091801_Plate 1/#24B2570319_ZProj/D1ROI2_-2_2_1_ZProj[Confocal TRITC 556,600]_001_masks_corrected.png",file_126
127,"/mnt/z/James/norbornene homopolymerization/same_formulations/241126_091801_jg_ve_norha_mw_encapsulation_dapi_phal_d3_40k_60k/241126_091801_Plate 1/#24B2570319_ZProj/C3ROI3_-2_2_1_ZProj[Confocal TRITC 556,600]_001_masks_corrected.png",file_127
128,"/mnt/z/James/norbornene homopolymerization/same_formulations/241126_091801_jg_ve_norha_mw_encapsulation_dapi_phal_d3_40k_60k/241126_091801_Plate 1/#24B2570319_ZProj/D4ROI3_-2_2_1_ZProj[Confocal TRITC 556,600]_001_masks_corrected.png",file_128
129,"/mnt/z/James/norbornene homopolymerization/same_formulations/241126_091801_jg_ve_norha_mw_encapsulation_dapi_phal_d3_40k_60k/241126_091801_Plate 1/#24B2570319_ZProj/D1ROI5_-2_2_1_ZProj[Confocal TRITC 556,600]_001_masks_corrected.png",file_129
130,"/mnt/z/James/norbornene homopolymerization/same_formulations/241126_091801_jg_ve_norha_mw_encapsulation_dapi_phal_d3_40k_60k/241126_091801_Plate 1/#24B2570319_ZProj/D2ROI3_-2_2_1_ZProj[Confocal TRITC 556,600]_001_masks_corrected.png",file_130
131,"/mnt/z/James/norbornene homopolymerization/same_formulations/241126_091801_jg_ve_norha_mw_encapsulation_dapi_phal_d3_40k_60k/241126_091801_Plate 1/#24B2570319_ZProj/C1ROI2_-2_2_1_ZProj[Confocal TRITC 556,600]_001_masks_corrected.png",file_131
132,"/mnt/z/James/norbornene homopolymerization/same_formulations/241126_091801_jg_ve_norha_mw_encapsulation_dapi_phal_d3_40k_60k/241126_091801_Plate 1/#24B2570319_ZProj/D4ROI4_-2_2_1_ZProj[Confocal TRITC 556,600]_001_masks_corrected.png",file_132
133,"/mnt/z/James/norbornene homopolymerization/same_formulations/241126_091801_jg_ve_norha_mw_encapsulation_dapi_phal_d3_40k_60k/241126_091801_Plate 1/#24B2570319_ZProj/C4ROI1_-2_2_1_ZProj[Confocal TRITC 556,600]_001_masks_corrected.png",file_133
134,"/mnt/z/James/norbornene homopolymerization/same_formulations/241126_091801_jg_ve_norha_mw_encapsulation_dapi_phal_d3_40k_60k/241126_091801_Plate 1/#24B2570319_ZProj/D1ROI4_-2_2_1_ZProj[Confocal TRITC 556,600]_001_masks_corrected.png",file_134
135,"/mnt/z/James/norbornene homopolymerization/same_formulations/241126_091801_jg_ve_norha_mw_encapsulation_dapi_phal_d3_40k_60k/241126_091801_Plate 1/#24B2570319_ZProj/C2ROI3_-2_2_1_ZProj[Confocal TRITC 556,600]_001_masks_corrected.png",file_135
136,"/mnt/z/James/norbornene homopolymerization/same_formulations/241126_091801_jg_ve_norha_mw_encapsulation_dapi_phal_d3_40k_60k/241126_091801_Plate 1/#24B2570319_ZProj/D2ROI5_-2_2_1_ZProj[Confocal TRITC 556,600]_001_masks_corrected.png",file_136
137,"/mnt/z/James/norbornene homopolymerization/same_formulations/241126_091801_jg_ve_norha_mw_encapsulation_dapi_phal_d3_40k_60k/241126_091801_Plate 1/#24B2570319_ZProj/D4ROI5_-2_2_1_ZProj[Confocal TRITC 556,600]_001_masks_corrected.png",file_137
138,"/mnt/z/James/norbornene homopolymerization/same_formulations/241126_091801_jg_ve_norha_mw_encapsulation_dapi_phal_d3_40k_60k/241126_091801_Plate 1/#24B2570319_ZProj/C4ROI2_-2_2_1_ZProj[Confocal TRITC 556,600]_001_masks_corrected.png",file_138
139,"/mnt/z/James/norbornene homopolymerization/same_formulations/241126_091801_jg_ve_norha_mw_encapsulation_dapi_phal_d3_40k_60k/241126_091801_Plate 1/#24B2570319_ZProj/D3ROI5_-2_2_1_ZProj[Confocal TRITC 556,600]_001_masks_corrected.png",file_139
140,"/mnt/z/James/norbornene homopolymerization/same_formulations/241126_091801_jg_ve_norha_mw_encapsulation_dapi_phal_d3_40k_60k/241126_091801_Plate 1/#24B2570319_ZProj/D2ROI2_-2_2_1_ZProj[Confocal TRITC 556,600]_001_masks_corrected.png",file_140
141,"/mnt/z/James/norbornene homopolymerization/same_formulations/241126_091801_jg_ve_norha_mw_encapsulation_dapi_phal_d3_40k_60k/241126_091801_Plate 1/#24B2570319_ZProj/C4ROI4_-2_2_1_ZProj[Confocal TRITC 556,600]_001_masks_corrected.png",file_141
142,"/mnt/z/James/norbornene homopolymerization/same_formulations/241126_091801_jg_ve_norha_mw_encapsulation_dapi_phal_d3_40k_60k/241126_091801_Plate 1/#24B2570319_ZProj/C1ROI4_-2_2_1_ZProj[Confocal TRITC 556,600]_001_masks_corrected.png",file_142
143,"/mnt/z/James/norbornene homopolymerization/same_formulations/241126_091801_jg_ve_norha_mw_encapsulation_dapi_phal_d3_40k_60k/241126_091801_Plate 1/#24B2570319_ZProj/D2ROI4_-2_2_1_ZProj[Confocal TRITC 556,600]_001_masks_corrected.png",file_143
144,"/mnt/z/James/norbornene homopolymerization/same_formulations/241126_091801_jg_ve_norha_mw_encapsulation_dapi_phal_d3_40k_60k/241126_091801_Plate 1/#24B2570319_ZProj/C1ROI5_-2_2_1_ZProj[Confocal TRITC 556,600]_001_masks_corrected.png",file_144
145,"/mnt/z/James/norbornene homopolymerization/same_formulations/241126_091801_jg_ve_norha_mw_encapsulation_dapi_phal_d3_40k_60k/241126_091801_Plate 1/#24B2570319_ZProj/D3ROI3_-2_2_1_ZProj[Confocal TRITC 556,600]_001_masks_corrected.png",file_145
146,"/mnt/z/James/norbornene homopolymerization/same_formulations/241126_091801_jg_ve_norha_mw_encapsulation_dapi_phal_d3_40k_60k/241126_091801_Plate 1/#24B2570319_ZProj/C2ROI1_-2_2_1_ZProj[Confocal TRITC 556,600]_001_masks_corrected.png",file_146
147,"/mnt/z/James/norbornene homopolymerization/same_formulations/241126_091801_jg_ve_norha_mw_encapsulation_dapi_phal_d3_40k_60k/241126_091801_Plate 1/#24B2570319_ZProj/C4ROI3_-2_2_1_ZProj[Confocal TRITC 556,600]_001_masks_corrected.png",file_147
148,"/mnt/z/James/norbornene homopolymerization/same_formulations/241126_091801_jg_ve_norha_mw_encapsulation_dapi_phal_d3_40k_60k/241126_091801_Plate 1/#24B2570319_ZProj/D3ROI4_-2_2_1_ZProj[Confocal TRITC 556,600]_001_masks_corrected.png",file_148
149,"/mnt/z/James/norbornene homopolymerization/same_formulations/241126_091801_jg_ve_norha_mw_encapsulation_dapi_phal_d3_40k_60k/241126_091801_Plate 1/#24B2570319_ZProj/C1ROI1_-2_2_1_ZProj[Confocal TRITC 556,600]_001_masks_corrected.png",file_149
150,"/mnt/z/James/norbornene homopolymerization/same_formulations/241126_091801_jg_ve_norha_mw_encapsulation_dapi_phal_d3_40k_60k/241126_091801_Plate 1/#24B2570319_ZProj/C3ROI4_-2_2_1_ZProj[Confocal TRITC 556,600]_001_masks_corrected.png",file_150
151,"/mnt/z/James/norbornene homopolymerization/same_formulations/241126_091801_jg_ve_norha_mw_encapsulation_dapi_phal_d3_40k_60k/241126_091801_Plate 1/#24B2570319_ZProj/D1ROI3_-2_2_1_ZProj[Confocal TRITC 556,600]_001_masks_corrected.png",file_151
152,"/mnt/z/James/norbornene homopolymerization/same_formulations/241126_091801_jg_ve_norha_mw_encapsulation_dapi_phal_d3_40k_60k/241126_091801_Plate 1/#24B2570319_ZProj/D3ROI1_-2_2_1_ZProj[Confocal TRITC 556,600]_001_masks_corrected.png",file_152
153,"/mnt/z/James/norbornene homopolymerization/same_formulations/241126_091801_jg_ve_norha_mw_encapsulation_dapi_phal_d3_40k_60k/241126_091801_Plate 1/#24B2570319_ZProj/D3ROI2_-2_2_1_ZProj[Confocal TRITC 556,600]_001_masks_corrected.png",file_153
154,"/mnt/z/James/norbornene homopolymerization/same_formulations/241126_091801_jg_ve_norha_mw_encapsulation_dapi_phal_d3_40k_60k/241126_091801_Plate 1/#24B2570319_ZProj/D1ROI1_-2_2_1_ZProj[Confocal TRITC 556,600]_001_masks_corrected.png",file_154
155,"/mnt/z/James/norbornene homopolymerization/same_formulations/241126_091801_jg_ve_norha_mw_encapsulation_dapi_phal_d3_40k_60k/241126_091801_Plate 1/#24B2570319_ZProj/C1ROI3_-2_2_1_ZProj[Confocal TRITC 556,600]_001_masks_corrected.png",file_155
156,"/mnt/z/James/norbornene homopolymerization/same_formulations/241126_091801_jg_ve_norha_mw_encapsulation_dapi_phal_d3_40k_60k/241126_091801_Plate 1/#24B2570319_ZProj/C2ROI5_-2_2_1_ZProj[Confocal TRITC 556,600]_001_masks_corrected.png",file_156
157,"/mnt/z/James/norbornene homopolymerization/same_formulations/241208_124427_jg_ve_norha_mw_encapsulation_dapi_phal_d14_peg_10k/241208_124736_Plate 1/#24B2570319_ZProj/A2ROI4_-2_2_1_ZProj[Confocal TRITC 556,600]_001_masks_corrected.png",file_157
158,"/mnt/z/James/norbornene homopolymerization/same_formulations/241208_124427_jg_ve_norha_mw_encapsulation_dapi_phal_d14_peg_10k/241208_124736_Plate 1/#24B2570319_ZProj/B4ROI1_-2_2_1_ZProj[Confocal TRITC 556,600]_001_masks_corrected.png",file_158
159,"/mnt/z/James/norbornene homopolymerization/same_formulations/241208_124427_jg_ve_norha_mw_encapsulation_dapi_phal_d14_peg_10k/241208_124736_Plate 1/#24B2570319_ZProj/A1ROI3_-2_2_1_ZProj[Confocal TRITC 556,600]_001_masks_corrected.png",file_159
160,"/mnt/z/James/norbornene homopolymerization/same_formulations/241208_124427_jg_ve_norha_mw_encapsulation_dapi_phal_d14_peg_10k/241208_124736_Plate 1/#24B2570319_ZProj/B3ROI6_-2_2_1_ZProj[Confocal TRITC 556,600]_001_masks_corrected.png",file_160
161,"/mnt/z/James/norbornene homopolymerization/same_formulations/241208_124427_jg_ve_norha_mw_encapsulation_dapi_phal_d14_peg_10k/241208_124736_Plate 1/#24B2570319_ZProj/B1ROI2_-2_2_1_ZProj[Confocal TRITC 556,600]_001_masks_corrected.png",file_161
162,"/mnt/z/James/norbornene homopolymerization/same_formulations/241208_124427_jg_ve_norha_mw_encapsulation_dapi_phal_d14_peg_10k/241208_124736_Plate 1/#24B2570319_ZProj/B1ROI3_-2_2_1_ZProj[Confocal TRITC 556,600]_001_masks_corrected.png",file_162
163,"/mnt/z/James/norbornene homopolymerization/same_formulations/241208_124427_jg_ve_norha_mw_encapsulation_dapi_phal_d14_peg_10k/241208_124736_Plate 1/#24B2570319_ZProj/A4ROI6_-2_2_1_ZProj[Confocal TRITC 556,600]_001_masks_corrected.png",file_163
164,"/mnt/z/James/norbornene homopolymerization/same_formulations/241208_124427_jg_ve_norha_mw_encapsulation_dapi_phal_d14_peg_10k/241208_124736_Plate 1/#24B2570319_ZProj/B4ROI5_-2_2_1_ZProj[Confocal TRITC 556,600]_001_masks_corrected.png",file_164
165,"/mnt/z/James/norbornene homopolymerization/same_formulations/241208_124427_jg_ve_norha_mw_encapsulation_dapi_phal_d14_peg_10k/241208_124736_Plate 1/#24B2570319_ZProj/A1ROI4_-2_2_1_ZProj[Confocal TRITC 556,600]_001_masks_corrected.png",file_165
166,"/mnt/z/James/norbornene homopolymerization/same_formulations/241208_124427_jg_ve_norha_mw_encapsulation_dapi_phal_d14_peg_10k/241208_124736_Plate 1/#24B2570319_ZProj/A4ROI1_-2_2_1_ZProj[Confocal TRITC 556,600]_001_masks_corrected.png",file_166
167,"/mnt/z/James/norbornene homopolymerization/same_formulations/241208_124427_jg_ve_norha_mw_encapsulation_dapi_phal_d14_peg_10k/241208_124736_Plate 1/#24B2570319_ZProj/A2ROI1_-2_2_1_ZProj[Confocal TRITC 556,600]_001_masks_corrected.png",file_167
168,"/mnt/z/James/norbornene homopolymerization/same_formulations/241208_124427_jg_ve_norha_mw_encapsulation_dapi_phal_d14_peg_10k/241208_124736_Plate 1/#24B2570319_ZProj/A3ROI1_-2_2_1_ZProj[Confocal TRITC 556,600]_001_masks_corrected.png",file_168
169,"/mnt/z/James/norbornene homopolymerization/same_formulations/241208_124427_jg_ve_norha_mw_encapsulation_dapi_phal_d14_peg_10k/241208_124736_Plate 1/#24B2570319_ZProj/B3ROI2_-2_2_1_ZProj[Confocal TRITC 556,600]_001_masks_corrected.png",file_169
170,"/mnt/z/James/norbornene homopolymerization/same_formulations/241208_124427_jg_ve_norha_mw_encapsulation_dapi_phal_d14_peg_10k/241208_124736_Plate 1/#24B2570319_ZProj/A1ROI5_-2_2_1_ZProj[Confocal TRITC 556,600]_001_masks_corrected.png",file_170
171,"/mnt/z/James/norbornene homopolymerization/same_formulations/241208_124427_jg_ve_norha_mw_encapsulation_dapi_phal_d14_peg_10k/241208_124736_Plate 1/#24B2570319_ZProj/A3ROI5_-2_2_1_ZProj[Confocal TRITC 556,600]_001_masks_corrected.png",file_171
172,"/mnt/z/James/norbornene homopolymerization/same_formulations/241208_124427_jg_ve_norha_mw_encapsulation_dapi_phal_d14_peg_10k/241208_124736_Plate 1/#24B2570319_ZProj/A4ROI2_-2_2_1_ZProj[Confocal TRITC 556,600]_001_masks_corrected.png",file_172
173,"/mnt/z/James/norbornene homopolymerization/same_formulations/241208_124427_jg_ve_norha_mw_encapsulation_dapi_phal_d14_peg_10k/241208_124736_Plate 1/#24B2570319_ZProj/B4ROI6_-2_2_1_ZProj[Confocal TRITC 556,600]_001_masks_corrected.png",file_173
174,"/mnt/z/James/norbornene homopolymerization/same_formulations/241208_124427_jg_ve_norha_mw_encapsulation_dapi_phal_d14_peg_10k/241208_124736_Plate 1/#24B2570319_ZProj/A4ROI4_-2_2_1_ZProj[Confocal TRITC 556,600]_001_masks_corrected.png",file_174
175,"/mnt/z/James/norbornene homopolymerization/same_formulations/241208_124427_jg_ve_norha_mw_encapsulation_dapi_phal_d14_peg_10k/241208_124736_Plate 1/#24B2570319_ZProj/B1ROI5_-2_2_1_ZProj[Confocal TRITC 556,600]_001_masks_corrected.png",file_175
176,"/mnt/z/James/norbornene homopolymerization/same_formulations/241208_124427_jg_ve_norha_mw_encapsulation_dapi_phal_d14_peg_10k/241208_124736_Plate 1/#24B2570319_ZProj/B1ROI1_-2_2_1_ZProj[Confocal TRITC 556,600]_001_masks_corrected.png",file_176
177,"/mnt/z/James/norbornene homopolymerization/same_formulations/241208_124427_jg_ve_norha_mw_encapsulation_dapi_phal_d14_peg_10k/241208_124736_Plate 1/#24B2570319_ZProj/B2ROI3_-2_2_1_ZProj[Confocal TRITC 556,600]_001_masks_corrected.png",file_177
178,"/mnt/z/James/norbornene homopolymerization/same_formulations/241208_124427_jg_ve_norha_mw_encapsulation_dapi_phal_d14_peg_10k/241208_124736_Plate 1/#24B2570319_ZProj/B3ROI3_-2_2_1_ZProj[Confocal TRITC 556,600]_001_masks_corrected.png",file_178
179,"/mnt/z/James/norbornene homopolymerization/same_formulations/241208_124427_jg_ve_norha_mw_encapsulation_dapi_phal_d14_peg_10k/241208_124736_Plate 1/#24B2570319_ZProj/B2ROI2_-2_2_1_ZProj[Confocal TRITC 556,600]_001_masks_corrected.png",file_179
180,"/mnt/z/James/norbornene homopolymerization/same_formulations/241208_124427_jg_ve_norha_mw_encapsulation_dapi_phal_d14_peg_10k/241208_124736_Plate 1/#24B2570319_ZProj/A2ROI2_-2_2_1_ZProj[Confocal TRITC 556,600]_001_masks_corrected.png",file_180
181,"/mnt/z/James/norbornene homopolymerization/same_formulations/241208_124427_jg_ve_norha_mw_encapsulation_dapi_phal_d14_peg_10k/241208_124736_Plate 1/#24B2570319_ZProj/B3ROI5_-2_2_1_ZProj[Confocal TRITC 556,600]_001_masks_corrected.png",file_181
182,"/mnt/z/James/norbornene homopolymerization/same_formulations/241208_124427_jg_ve_norha_mw_encapsulation_dapi_phal_d14_peg_10k/241208_124736_Plate 1/#24B2570319_ZProj/A2ROI3_-2_2_1_ZProj[Confocal TRITC 556,600]_001_masks_corrected.png",file_182
183,"/mnt/z/James/norbornene homopolymerization/same_formulations/241208_124427_jg_ve_norha_mw_encapsulation_dapi_phal_d14_peg_10k/241208_124736_Plate 1/#24B2570319_ZProj/A1ROI2_-2_2_1_ZProj[Confocal TRITC 556,600]_001_masks_corrected.png",file_183
184,"/mnt/z/James/norbornene homopolymerization/same_formulations/241208_124427_jg_ve_norha_mw_encapsulation_dapi_phal_d14_peg_10k/241208_124736_Plate 1/#24B2570319_ZProj/A2ROI5_-2_2_1_ZProj[Confocal TRITC 556,600]_001_masks_corrected.png",file_184
185,"/mnt/z/James/norbornene homopolymerization/same_formulations/241208_124427_jg_ve_norha_mw_encapsulation_dapi_phal_d14_peg_10k/241208_124736_Plate 1/#24B2570319_ZProj/A3ROI2_-2_2_1_ZProj[Confocal TRITC 556,600]_001_masks_corrected.png",file_185
186,"/mnt/z/James/norbornene homopolymerization/same_formulations/241208_124427_jg_ve_norha_mw_encapsulation_dapi_phal_d14_peg_10k/241208_124736_Plate 1/#24B2570319_ZProj/A4ROI3_-2_2_1_ZProj[Confocal TRITC 556,600]_001_masks_corrected.png",file_186
187,"/mnt/z/James/norbornene homopolymerization/same_formulations/241208_124427_jg_ve_norha_mw_encapsulation_dapi_phal_d14_peg_10k/241208_124736_Plate 1/#24B2570319_ZProj/B1ROI4_-2_2_1_ZProj[Confocal TRITC 556,600]_001_masks_corrected.png",file_187
188,"/mnt/z/James/norbornene homopolymerization/same_formulations/241208_124427_jg_ve_norha_mw_encapsulation_dapi_phal_d14_peg_10k/241208_124736_Plate 1/#24B2570319_ZProj/B4ROI4_-2_2_1_ZProj[Confocal TRITC 556,600]_001_masks_corrected.png",file_188
189,"/mnt/z/James/norbornene homopolymerization/same_formulations/241208_124427_jg_ve_norha_mw_encapsulation_dapi_phal_d14_peg_10k/241208_124736_Plate 1/#24B2570319_ZProj/A2ROI6_-2_2_1_ZProj[Confocal TRITC 556,600]_001_masks_corrected.png",file_189
190,"/mnt/z/James/norbornene homopolymerization/same_formulations/241208_124427_jg_ve_norha_mw_encapsulation_dapi_phal_d14_peg_10k/241208_124736_Plate 1/#24B2570319_ZProj/A4ROI5_-2_2_1_ZProj[Confocal TRITC 556,600]_001_masks_corrected.png",file_190
191,"/mnt/z/James/norbornene homopolymerization/same_formulations/241208_124427_jg_ve_norha_mw_encapsulation_dapi_phal_d14_peg_10k/241208_124736_Plate 1/#24B2570319_ZProj/A1ROI6_-2_2_1_ZProj[Confocal TRITC 556,600]_001_masks_corrected.png",file_191
192,"/mnt/z/James/norbornene homopolymerization/same_formulations/241208_124427_jg_ve_norha_mw_encapsulation_dapi_phal_d14_peg_10k/241208_124736_Plate 1/#24B2570319_ZProj/B2ROI4_-2_2_1_ZProj[Confocal TRITC 556,600]_001_masks_corrected.png",file_192
193,"/mnt/z/James/norbornene homopolymerization/same_formulations/241208_124427_jg_ve_norha_mw_encapsulation_dapi_phal_d14_peg_10k/241208_124736_Plate 1/#24B2570319_ZProj/B2ROI5_-2_2_1_ZProj[Confocal TRITC 556,600]_001_masks_corrected.png",file_193
194,"/mnt/z/James/norbornene homopolymerization/same_formulations/241208_124427_jg_ve_norha_mw_encapsulation_dapi_phal_d14_peg_10k/241208_124736_Plate 1/#24B2570319_ZProj/B3ROI1_-2_2_1_ZProj[Confocal TRITC 556,600]_001_masks_corrected.png",file_194
195,"/mnt/z/James/norbornene homopolymerization/same_formulations/241208_124427_jg_ve_norha_mw_encapsulation_dapi_phal_d14_peg_10k/241208_124736_Plate 1/#24B2570319_ZProj/B2ROI1_-2_2_1_ZProj[Confocal TRITC 556,600]_001_masks_corrected.png",file_195
196,"/mnt/z/James/norbornene homopolymerization/same_formulations/241208_124427_jg_ve_norha_mw_encapsulation_dapi_phal_d14_peg_10k/241208_124736_Plate 1/#24B2570319_ZProj/B3ROI4_-2_2_1_ZProj[Confocal TRITC 556,600]_001_masks_corrected.png",file_196
197,"/mnt/z/James/norbornene homopolymerization/same_formulations/241208_144351_jg_ve_norha_mw_encapsulation_dapi_phal_d14_40k_60k/241208_144351_Plate 1/#24B2570319_ZProj/C3ROI1_-2_2_1_ZProj[Confocal TRITC 556,600]_001_masks_corrected.png",file_197
198,"/mnt/z/James/norbornene homopolymerization/same_formulations/241208_144351_jg_ve_norha_mw_encapsulation_dapi_phal_d14_40k_60k/241208_144351_Plate 1/#24B2570319_ZProj/C2ROI2_-2_2_1_ZProj[Confocal TRITC 556,600]_001_masks_corrected.png",file_198
199,"/mnt/z/James/norbornene homopolymerization/same_formulations/241208_144351_jg_ve_norha_mw_encapsulation_dapi_phal_d14_40k_60k/241208_144351_Plate 1/#24B2570319_ZProj/D4ROI1_-2_2_1_ZProj[Confocal TRITC 556,600]_001_masks_corrected.png",file_199
200,"/mnt/z/James/norbornene homopolymerization/same_formulations/241208_144351_jg_ve_norha_mw_encapsulation_dapi_phal_d14_40k_60k/241208_144351_Plate 1/#24B2570319_ZProj/D2ROI1_-2_2_1_ZProj[Confocal TRITC 556,600]_001_masks_corrected.png",file_200
201,"/mnt/z/James/norbornene homopolymerization/same_formulations/241208_144351_jg_ve_norha_mw_encapsulation_dapi_phal_d14_40k_60k/241208_144351_Plate 1/#24B2570319_ZProj/C3ROI5_-2_2_1_ZProj[Confocal TRITC 556,600]_001_masks_corrected.png",file_201
202,"/mnt/z/James/norbornene homopolymerization/same_formulations/241208_144351_jg_ve_norha_mw_encapsulation_dapi_phal_d14_40k_60k/241208_144351_Plate 1/#24B2570319_ZProj/C2ROI4_-2_2_1_ZProj[Confocal TRITC 556,600]_001_masks_corrected.png",file_202
203,"/mnt/z/James/norbornene homopolymerization/same_formulations/241208_144351_jg_ve_norha_mw_encapsulation_dapi_phal_d14_40k_60k/241208_144351_Plate 1/#24B2570319_ZProj/C3ROI2_-2_2_1_ZProj[Confocal TRITC 556,600]_001_masks_corrected.png",file_203
204,"/mnt/z/James/norbornene homopolymerization/same_formulations/241208_144351_jg_ve_norha_mw_encapsulation_dapi_phal_d14_40k_60k/241208_144351_Plate 1/#24B2570319_ZProj/D1ROI2_-2_2_1_ZProj[Confocal TRITC 556,600]_001_masks_corrected.png",file_204
205,"/mnt/z/James/norbornene homopolymerization/same_formulations/241208_144351_jg_ve_norha_mw_encapsulation_dapi_phal_d14_40k_60k/241208_144351_Plate 1/#24B2570319_ZProj/C3ROI3_-2_2_1_ZProj[Confocal TRITC 556,600]_001_masks_corrected.png",file_205
206,"/mnt/z/James/norbornene homopolymerization/same_formulations/241208_144351_jg_ve_norha_mw_encapsulation_dapi_phal_d14_40k_60k/241208_144351_Plate 1/#24B2570319_ZProj/D4ROI3_-2_2_1_ZProj[Confocal TRITC 556,600]_001_masks_corrected.png",file_206
207,"/mnt/z/James/norbornene homopolymerization/same_formulations/241208_144351_jg_ve_norha_mw_encapsulation_dapi_phal_d14_40k_60k/241208_144351_Plate 1/#24B2570319_ZProj/D1ROI5_-2_2_1_ZProj[Confocal TRITC 556,600]_001_masks_corrected.png",file_207
208,"/mnt/z/James/norbornene homopolymerization/same_formulations/241208_144351_jg_ve_norha_mw_encapsulation_dapi_phal_d14_40k_60k/241208_144351_Plate 1/#24B2570319_ZProj/D2ROI3_-2_2_1_ZProj[Confocal TRITC 556,600]_001_masks_corrected.png",file_208
209,"/mnt/z/James/norbornene homopolymerization/same_formulations/241208_144351_jg_ve_norha_mw_encapsulation_dapi_phal_d14_40k_60k/241208_144351_Plate 1/#24B2570319_ZProj/C1ROI2_-2_2_1_ZProj[Confocal TRITC 556,600]_001_masks_corrected.png",file_209
210,"/mnt/z/James/norbornene homopolymerization/same_formulations/241208_144351_jg_ve_norha_mw_encapsulation_dapi_phal_d14_40k_60k/241208_144351_Plate 1/#24B2570319_ZProj/D4ROI4_-2_2_1_ZProj[Confocal TRITC 556,600]_001_masks_corrected.png",file_210
211,"/mnt/z/James/norbornene homopolymerization/same_formulations/241208_144351_jg_ve_norha_mw_encapsulation_dapi_phal_d14_40k_60k/241208_144351_Plate 1/#24B2570319_ZProj/C4ROI1_-2_2_1_ZProj[Confocal TRITC 556,600]_001_masks_corrected.png",file_211
212,"/mnt/z/James/norbornene homopolymerization/same_formulations/241208_144351_jg_ve_norha_mw_encapsulation_dapi_phal_d14_40k_60k/241208_144351_Plate 1/#24B2570319_ZProj/D1ROI4_-2_2_1_ZProj[Confocal TRITC 556,600]_001_masks_corrected.png",file_212
213,"/mnt/z/James/norbornene homopolymerization/same_formulations/241208_144351_jg_ve_norha_mw_encapsulation_dapi_phal_d14_40k_60k/241208_144351_Plate 1/#24B2570319_ZProj/C2ROI3_-2_2_1_ZProj[Confocal TRITC 556,600]_001_masks_corrected.png",file_213
214,"/mnt/z/James/norbornene homopolymerization/same_formulations/241208_144351_jg_ve_norha_mw_encapsulation_dapi_phal_d14_40k_60k/241208_144351_Plate 1/#24B2570319_ZProj/D2ROI5_-2_2_1_ZProj[Confocal TRITC 556,600]_001_masks_corrected.png",file_214
215,"/mnt/z/James/norbornene homopolymerization/same_formulations/241208_144351_jg_ve_norha_mw_encapsulation_dapi_phal_d14_40k_60k/241208_144351_Plate 1/#24B2570319_ZProj/D4ROI5_-2_2_1_ZProj[Confocal TRITC 556,600]_001_masks_corrected.png",file_215
216,"/mnt/z/James/norbornene homopolymerization/same_formulations/241208_144351_jg_ve_norha_mw_encapsulation_dapi_phal_d14_40k_60k/241208_144351_Plate 1/#24B2570319_ZProj/C4ROI2_-2_2_1_ZProj[Confocal TRITC 556,600]_001_masks_corrected.png",file_216
217,"/mnt/z/James/norbornene homopolymerization/same_formulations/241208_144351_jg_ve_norha_mw_encapsulation_dapi_phal_d14_40k_60k/241208_144351_Plate 1/#24B2570319_ZProj/D3ROI5_-2_2_1_ZProj[Confocal TRITC 556,600]_001_masks_corrected.png",file_217
218,"/mnt/z/James/norbornene homopolymerization/same_formulations/241208_144351_jg_ve_norha_mw_encapsulation_dapi_phal_d14_40k_60k/241208_144351_Plate 1/#24B2570319_ZProj/D2ROI2_-2_2_1_ZProj[Confocal TRITC 556,600]_001_masks_corrected.png",file_218
219,"/mnt/z/James/norbornene homopolymerization/same_formulations/241208_144351_jg_ve_norha_mw_encapsulation_dapi_phal_d14_40k_60k/241208_144351_Plate 1/#24B2570319_ZProj/C4ROI4_-2_2_1_ZProj[Confocal TRITC 556,600]_001_masks_corrected.png",file_219
220,"/mnt/z/James/norbornene homopolymerization/same_formulations/241208_144351_jg_ve_norha_mw_encapsulation_dapi_phal_d14_40k_60k/241208_144351_Plate 1/#24B2570319_ZProj/C1ROI4_-2_2_1_ZProj[Confocal TRITC 556,600]_001_masks_corrected.png",file_220
221,"/mnt/z/James/norbornene homopolymerization/same_formulations/241208_144351_jg_ve_norha_mw_encapsulation_dapi_phal_d14_40k_60k/241208_144351_Plate 1/#24B2570319_ZProj/D2ROI4_-2_2_1_ZProj[Confocal TRITC 556,600]_001_masks_corrected.png",file_221
222,"/mnt/z/James/norbornene homopolymerization/same_formulations/241208_144351_jg_ve_norha_mw_encapsulation_dapi_phal_d14_40k_60k/241208_144351_Plate 1/#24B2570319_ZProj/C1ROI5_-2_2_1_ZProj[Confocal TRITC 556,600]_001_masks_corrected.png",file_222
223,"/mnt/z/James/norbornene homopolymerization/same_formulations/241208_144351_jg_ve_norha_mw_encapsulation_dapi_phal_d14_40k_60k/241208_144351_Plate 1/#24B2570319_ZProj/D3ROI3_-2_2_1_ZProj[Confocal TRITC 556,600]_001_masks_corrected.png",file_223
224,"/mnt/z/James/norbornene homopolymerization/same_formulations/241208_144351_jg_ve_norha_mw_encapsulation_dapi_phal_d14_40k_60k/241208_144351_Plate 1/#24B2570319_ZProj/C2ROI1_-2_2_1_ZProj[Confocal TRITC 556,600]_001_masks_corrected.png",file_224
225,"/mnt/z/James/norbornene homopolymerization/same_formulations/241208_144351_jg_ve_norha_mw_encapsulation_dapi_phal_d14_40k_60k/241208_144351_Plate 1/#24B2570319_ZProj/C4ROI3_-2_2_1_ZProj[Confocal TRITC 556,600]_001_masks_corrected.png",file_225
226,"/mnt/z/James/norbornene homopolymerization/same_formulations/241208_144351_jg_ve_norha_mw_encapsulation_dapi_phal_d14_40k_60k/241208_144351_Plate 1/#24B2570319_ZProj/D3ROI4_-2_2_1_ZProj[Confocal TRITC 556,600]_001_masks_corrected.png",file_226
227,"/mnt/z/James/norbornene homopolymerization/same_formulations/241208_144351_jg_ve_norha_mw_encapsulation_dapi_phal_d14_40k_60k/241208_144351_Plate 1/#24B2570319_ZProj/C1ROI1_-2_2_1_ZProj[Confocal TRITC 556,600]_001_masks_corrected.png",file_227
228,"/mnt/z/James/norbornene homopolymerization/same_formulations/241208_144351_jg_ve_norha_mw_encapsulation_dapi_phal_d14_40k_60k/241208_144351_Plate 1/#24B2570319_ZProj/C3ROI4_-2_2_1_ZProj[Confocal TRITC 556,600]_001_masks_corrected.png",file_228
229,"/mnt/z/James/norbornene homopolymerization/same_formulations/241208_144351_jg_ve_norha_mw_encapsulation_dapi_phal_d14_40k_60k/241208_144351_Plate 1/#24B2570319_ZProj/D1ROI3_-2_2_1_ZProj[Confocal TRITC 556,600]_001_masks_corrected.png",file_229
230,"/mnt/z/James/norbornene homopolymerization/same_formulations/241208_144351_jg_ve_norha_mw_encapsulation_dapi_phal_d14_40k_60k/241208_144351_Plate 1/#24B2570319_ZProj/D3ROI1_-2_2_1_ZProj[Confocal TRITC 556,600]_001_masks_corrected.png",file_230
231,"/mnt/z/James/norbornene homopolymerization/same_formulations/241208_144351_jg_ve_norha_mw_encapsulation_dapi_phal_d14_40k_60k/241208_144351_Plate 1/#24B2570319_ZProj/D4ROI2_-2_2_1_ZProj[Confocal TRITC 556,600]_001_masks_corrected.png",file_231
232,"/mnt/z/James/norbornene homopolymerization/same_formulations/241208_144351_jg_ve_norha_mw_encapsulation_dapi_phal_d14_40k_60k/241208_144351_Plate 1/#24B2570319_ZProj/D3ROI2_-2_2_1_ZProj[Confocal TRITC 556,600]_001_masks_corrected.png",file_232
233,"/mnt/z/James/norbornene homopolymerization/same_formulations/241208_144351_jg_ve_norha_mw_encapsulation_dapi_phal_d14_40k_60k/241208_144351_Plate 1/#24B2570319_ZProj/D1ROI1_-2_2_1_ZProj[Confocal TRITC 556,600]_001_masks_corrected.png",file_233
234,"/mnt/z/James/norbornene homopolymerization/same_formulations/241208_144351_jg_ve_norha_mw_encapsulation_dapi_phal_d14_40k_60k/241208_144351_Plate 1/#24B2570319_ZProj/C1ROI3_-2_2_1_ZProj[Confocal TRITC 556,600]_001_masks_corrected.png",file_234
235,"/mnt/z/James/norbornene homopolymerization/same_formulations/241208_144351_jg_ve_norha_mw_encapsulation_dapi_phal_d14_40k_60k/241208_144351_Plate 1/#24B2570319_ZProj/C2ROI5_-2_2_1_ZProj[Confocal TRITC 556,600]_001_masks_corrected.png",file_235
